team,home_corners_for,home_corners_against,away_corners_for,away_corners_against,matches
Newcastle,6.0,4.67,4.53,6.04,861
Reading,6.7,5.21,5.7,7.26,114
Hull,4.83,5.4,4.08,7.42,190
Bradford,5.68,5.47,3.74,5.79,38
West Brom,5.48,5.14,4.24,6.43,489
QPR,5.0,6.39,4.54,7.6,114
Arsenal,7.33,3.78,5.3,4.98,937
Leicester,5.42,5.09,4.64,6.54,486
Sunderland,5.4,4.98,4.19,6.95,532
Luton,6.63,5.11,4.11,6.79,38
Stoke,5.27,5.39,3.74,7.01,380
Liverpool,7.33,3.64,5.78,4.49,938
Sheffield United,5.57,5.59,3.71,7.22,152
Aston Villa,6.11,5.2,5.0,6.4,825
Crystal Palace,5.43,5.03,4.5,6.36,487
Brighton,5.89,4.19,4.25,5.8,301
Everton,6.04,4.94,4.69,6.1,938
Norwich,5.2,5.58,4.04,6.96,262
Fulham,5.44,5.39,4.34,6.46,671
Bournemouth,5.73,5.31,4.95,6.17,301
Southampton,5.53,5.07,5.03,6.01,634
Leeds,6.2,4.67,4.78,5.97,261
Blackburn,5.77,5.06,5.0,6.5,408
Middlesbrough,5.67,5.02,3.89,6.75,372
Wigan,5.72,4.55,4.2,6.22,304
Bolton,6.12,5.29,4.6,6.78,410
Burnley,4.9,5.4,3.95,7.24,342
Nott'm Forest,3.67,6.0,3.86,6.82,111
Blackpool,4.95,6.47,4.84,7.53,38
Wolves,5.42,5.0,4.55,5.97,410
Chelsea,6.72,3.91,5.59,4.73,937
Portsmouth,6.4,5.59,4.25,6.99,258
Cardiff,5.39,6.18,4.18,7.47,76
Birmingham,5.68,5.24,4.2,6.38,258
Coventry,6.68,5.79,4.16,5.58,38
Derby,4.7,5.77,3.67,7.74,114
Man United,6.84,3.84,5.48,5.14,938
Tottenham,6.58,4.71,5.14,5.85,938
Huddersfield,4.92,4.08,3.68,5.89,76
Brentford,4.88,5.31,4.08,6.7,149
Charlton,5.51,6.09,4.63,7.09,258
Ipswich,6.13,4.93,4.05,6.5,111
West Ham,5.6,5.09,4.6,6.53,833
Man City,7.38,3.88,5.77,4.69,900
Swansea,5.44,4.51,4.19,6.06,266
Watford,4.83,4.92,4.42,6.44,266
